{"cameraMode":{"drawMode":0,"name":"Shaded","section":"Shading Mode"},"sceneLighting":false,"audioPlay":false,"sceneViewState":{"m_AlwaysRefresh":false,"showFog":false,"showSkybox":false,"showFlares":false,"showImageEffects":false,"showParticleSystems":false,"showVisualEffectGraphs":true,"m_FxEnabled":true},"in2DMode":false,"pivot":{"x":0.014192938804626465,"y":0.8245882987976074,"z":0.10917651653289795},"rotation":{"x":0.15642528235912324,"y":0.17469313740730287,"z":-0.028092214837670327,"w":0.9717452526092529},"size":1.2254347801208497,"orthographic":false}